1,Theme 1: Rationality in Decision-Making
2,Theme 1.1: Rational Decision-Making
3,Theme 1.1.1: Rational Decision-Making
4,Theme 1.2: Behavioural Economics
5,Theme 1.2.1: How decision-making by economic agents is affected by bounded rationality
6,Theme 1.2.2: How decision-making by economic agents is affected by bounded will-power
7,Theme 1.2.3: How decision-making by economic agents is affected by bounded self-interest
8,"Theme 1.2.4: How economic agents can apply the knowledge of bounded rationality, bounded will-power and bounded self-interest to influence behaviour and achieve their objectives"
9,Theme 2: Firms' Strategies and Market Failure
10,Theme 2.1: Firms' Strategies
11,Theme 2.1.1: How firms make decisions and develop strategies to achieve their objectives
12,Theme 2.2: Market Failure
13,Theme 2.2.1: Quasi-public goods
14,Theme 2.2.2: Uncertainty and asymmetric information
15,Theme 3: Issues and Strategies for Sustainable Development
16,Theme 3.1: Issues and Strategies for Inclusive Economic Growth
17,Theme: 3.1.1: Sustainable development - inclusive economic growth
18,Theme: 3.1.2: Issues in inclusive economic growth
19,Theme 3.1.3: Strategies and policies for inclusive economic growth
20,Theme 3.2: Issues and Strategies for Environmental Protection
21,Theme 3.2.1: Sustainable development - environmental protection
22,Theme 3.2.2: Issues in environmental protection
23,Theme 3.2.3: Strategies and policies for environmental protection
